created_at,id,author_id,text,in_reply_to_user_id,dispatch
2021-10-09T13:00:58.000Z,1446822999752155140,20069434,"#DCsBravest responded to 549 calls on Friday, October 8th. There were 148 critical and 290 non-critical EMS dispatches, and 111 fire related incidents and other types of emergencies. https://t.co/4w9N3ixX2l",,True
2021-10-08T13:06:08.000Z,1446461914134073344,20069434,"#DCsBravest responded to 538 calls on Thursday, October 7th. There were 162 critical and 249 non-critical EMS dispatches, and 127 fire related incidents and other types of emergencies. https://t.co/PPkrQ7Snzw",,True
2021-10-07T12:40:23.000Z,1446093042755244034,20069434,"#DCsBravest responded to 524 calls on Wednesday, October 6th. There were 146 critical and 276 non-critical EMS dispatches, and 102 fire related incidents and other types of emergencies. https://t.co/klB1CvToAD",,True
2021-10-06T12:14:06.000Z,1445724042590314497,20069434,"#DCsBravest responded to 540 calls on Tuesday, October 5th. There were 171 critical and 262 non-critical EMS dispatches, and 107 fire related incidents and other types of emergencies. https://t.co/5h5ZPDlZ2s",,True
2021-10-05T12:35:37.000Z,1445367066924654598,20069434,"#DCsBravest responded to 568 calls on Monday, October 4th. There were 155 critical and 287 non-critical EMS dispatches, and 126 fire related incidents and other types of emergencies. https://t.co/Tt3gTIn3Pw",,True
2021-10-04T12:26:17.000Z,1445002333172158465,20069434,"#DCsBravest responded to 603 calls on Sunday, October 3rd. There were 186 critical and 316 non-critical EMS dispatches, and 101 fire related incidents and other types of emergencies. https://t.co/OnX3lJniwW",,True
2021-10-03T12:37:06.000Z,1444642666113904644,20069434,"#DCsBravest responded to 602 calls on Saturday, October 2nd. There were 169 critical and 310 non-critical EMS dispatches, and 123 fire related incidents and other types of emergencies. https://t.co/encrnQ5rE0",,True
2021-10-02T17:22:22.000Z,1444352070287495171,20069434,"#DCsBravest responded to 549 calls on Friday, October 1st. There were 157 critical and 272 non-critical EMS dispatches, and 120 fire related incidents and other types of emergencies. https://t.co/uq3ie3Gn6y",,True
2021-10-01T14:56:59.000Z,1443953093423546412,20069434,"#DCsBravest responded to 594 calls on Thursday, September 30th. There were 173 critical and 288 non-critical EMS dispatches, and 133 fire related incidents and other types of emergencies. https://t.co/m5RoA7dSNi",,True
2021-09-30T13:10:07.000Z,1443563809822683140,20069434,"#DCsBravest responded to 571 calls on Wednesday, September 29th. There were 180 critical and 288 non-critical EMS dispatches, and 103 fire related incidents and other types of emergencies. https://t.co/gF43hWZ0FI",,True
2021-09-29T11:44:48.000Z,1443179954586402822,20069434,"#DCsBravest responded to 618 calls on Tuesday, September 28th. There were 196 critical and 304 non-critical EMS dispatches, and 118 fire related incidents and other types of emergencies. https://t.co/iyk5cdsjbj",,True
2021-09-28T11:42:32.000Z,1442816995108564994,20069434,"#DCsBravest responded to 612 calls on Monday, September 27th. There were 215 critical and 295 non-critical EMS dispatches, and 102 fire related incidents and other types of emergencies. https://t.co/L1aNdg2WHs",,True
2021-09-27T02:57:41.000Z,1442322523195052032,20069434,"#DCsBravest responded to 615 calls on Saturday, September 25th. There were 183 critical and 333 non-critical EMS dispatches, and 99 fire related incidents and other types of emergencies. https://t.co/SGMOj44eHf",,True
2021-09-25T14:49:10.000Z,1441776799554412546,20069434,"#DCsBravest responded to 601 calls on Friday, September 24th. There were 180 critical and 304 non-critical EMS dispatches, and 117 fire related incidents and other types of emergencies. https://t.co/IdVgKmZXfw",,True
2021-09-23T22:26:30.000Z,1441167115663278082,20069434,"#DCsBravest responded to 561 calls on Wednesday, September 22nd. There were 145 critical and 281 non-critical EMS dispatches, and 135 fire related incidents and other types of emergencies. https://t.co/T9pssxsqbc",,True
2021-09-22T14:38:03.000Z,1440686839321358345,20069434,"#DCsBravest responded to 603 calls on Tuesday, September 21st. There were 178 critical and 308 non-critical EMS dispatches, and 117 fire related incidents and other types of emergencies. https://t.co/WMe4JM8GM8",,True
2021-09-21T13:11:22.000Z,1440302634036957185,20069434,"#DCsBravest responded to 568 calls on Monday, September 20th. There were 179 critical and 287 non-critical EMS dispatches, and 102 fire related incidents and other types of emergencies. https://t.co/41LbYPrlqk",,True
2021-09-20T12:50:17.000Z,1439934940918042631,20069434,"#DCsBravest responded to 620 calls on Sunday, September 19th. There were 178 critical and 311 non-critical EMS dispatches, and 131 fire related incidents and other types of emergencies. https://t.co/KVlQ20aEtE",,True
2021-09-18T16:38:59.000Z,1439267720822935553,20069434,"#DCsBravest responded to 557 calls on Friday, September 17th. There were 156 critical and 305 non-critical EMS dispatches, and 96 fire related incidents and other types of emergencies. https://t.co/UI6XdzDnLO",,True
2021-09-17T12:31:51.000Z,1438843139620474898,20069434,"#DCsBravest responded to 611 calls on Thursday, September 16th. There were 179 critical and 313 non-critical EMS dispatches, and 119 fire related incidents and other types of emergencies, including 1 working structure fire and 1 two alarm structure fire. https://t.co/b8DBnb4Lm2",,True
2021-09-16T22:20:04.000Z,1438628780952760324,20069434,"#DCsBravest responded to 628 calls on Wednesday, September 15th. There were 179 critical and 317 non-critical EMS dispatches, and 132 fire related incidents and other types of emergencies, including 1 working structure fire. https://t.co/wcQifVIjcX",,True
2021-09-14T14:49:59.000Z,1437790736297119749,20069434,"#DCsBravest responded to 625 calls on Monday, September 13th. There were 186 critical and 324 non-critical EMS dispatches, and 115 fire related incidents and other types of emergencies, including 1 working structure fire. https://t.co/z8OYT42jVr",,True
2021-09-13T17:30:22.000Z,1437468711162634245,20069434,"#DCsBravest responded to 560 calls on Sunday, September 12th. There were 193 critical and 269 non-critical EMS dispatches, and 98 fire related incidents and other types of emergencies, including 1 working structure fire. https://t.co/FhujgB5d0o",,True
2021-09-11T11:51:43.000Z,1436658710370299904,20069434,"#DCsBravest responded to 630 calls on Friday,September 10th. There were 198 critical and 302 non-critical EMS dispatches, and 130 fire related incidents and other types of emergencies, including 1 two alarm structure fire. https://t.co/786TfgkdYv",,True
2021-09-09T17:36:45.000Z,1436020767528001542,20069434,"#DCsBravest responded to 588 calls on Wednesday, September 8th. There were 180 critical and 297 non-critical EMS dispatches, and 111 fire related incidents and other types of emergencies. https://t.co/sESLKcSDxR",,True
2021-09-08T14:07:35.000Z,1435605739993767936,20069434,"#DCsBravest responded to 592 calls on Tuesday, September 7th. There were 166 critical and 289 non-critical EMS dispatches, and 137 fire related incidents and other types of emergencies. https://t.co/VFyZoRMmpt",,True
2021-09-07T15:27:39.000Z,1435263503011663879,20069434,"#DCsBravest responded to 597 calls on Monday, September 6th. There were 184 critical and 296 non-critical EMS dispatches, and 117 fire related incidents and other types of emergencies. https://t.co/9MKHgdaAN4",,True
2021-09-07T01:57:06.000Z,1435059518757642244,20069434,"#DCsBravest responded to 574 calls on Sunday, September 5th. There were 170 critical and 300 non-critical EMS dispatches, and 104 fire related incidents and other types of emergencies, including 1 working structure fire. https://t.co/O01P2WTSS4",,True
2021-09-05T16:24:23.000Z,1434553005454602240,20069434,"#DCsBravest responded to 608 calls on Saturday, September 4th. There were 158 critical and 333 non-critical EMS dispatches, and 117 fire related incidents and other types of emergencies, including a 2 Alarm structure fire and another working structure fire. https://t.co/MPzvg0fQrn",,True
2021-09-05T01:25:53.000Z,1434326890433679367,20069434,"#DCsBravest responded to 627 calls on Friday, September 3rd. There were 194 critical and 322 non-critical EMS dispatches, and 111 fire related incidents and other types of emergencies. https://t.co/n7cmS3sekh",,True
2021-09-03T15:50:37.000Z,1433819732428328973,20069434,"#DCsBravest responded to 587 calls on Thursday, September 2nd. There were 188 critical and 289 non-critical EMS dispatches, and 110 fire related incidents and other types of emergencies, including 1 working structure fire. https://t.co/3g7LS8JFkg",,True
2021-09-02T21:00:59.000Z,1433535447402172429,20069434,"#DCsBravest responded to 531 calls on Wednesday, September 1st. There were 148 critical and 257 non-critical EMS dispatches, and 126 fire related incidents and other types of emergencies. https://t.co/3wZQedMzh9",,True
2021-09-01T16:31:21.000Z,1433105205621628939,20069434,"#DCsBravest responded to 537 calls on Tuesday, August 31st. There were 150 critical and 276 non-critical EMS dispatches, and 111 fire related incidents and other types of emergencies. https://t.co/7OVGLKoyX9",,True
2021-08-31T15:55:10.000Z,1432733710969982985,20069434,"#DCsBravest responded to 583 calls on Monday, August 30th. There were 160 critical and 314 non-critical EMS dispatches, and 109 fire related incidents and other types of emergencies. https://t.co/qN7repufk5",,True
2021-08-30T14:56:23.000Z,1432356531555737603,20069434,"#DCsBravest responded to 535 calls on Sunday, August 29th. There were 168 critical and 247 non-critical EMS dispatches, and 120 fire related incidents and other types of emergencies. https://t.co/HbY3V3hS9S",,True
2021-08-30T02:26:39.000Z,1432167852795207681,20069434,"#DCsBravest responded to 630 calls on Saturday, August 28th. There were 190 critical and 325 non-critical EMS dispatches, and 115 fire related incidents and other types of emergencies. https://t.co/ptS04lLYrG",,True
2021-08-28T18:09:27.000Z,1431680342155481095,20069434,"#DCsBravest responded to 660 calls on Friday, August 27th. There were 189 critical and 340 non-critical EMS dispatches, and 131 fire related incidents and other types of emergencies. https://t.co/i4dfcrzIMs",,True
2021-08-27T19:45:53.000Z,1431342223354994690,20069434,"#DCsBravest responded to 593 calls on Thursday, August 26th. There were 152 critical and 306 non-critical EMS dispatches, and 135 fire related incidents and other types of emergencies. https://t.co/8cH2MjH9Qx",,True
2021-08-26T15:27:22.000Z,1430914778118168582,20069434,"#DCsBravest responded to 575 calls on Wednesday, August 25th. There were 172 critical and 299 non-critical EMS dispatches, and 104 fire related incidents and other types of emergencies. https://t.co/mtRc9yUZR5",,True
2021-08-25T17:10:25.000Z,1430578321449000967,20069434,"#DCsBravest responded to 620 calls on Tuesday, August 24th. There were 190 critical and 325 non-critical EMS dispatches, and 105 fire related incidents and other types of emergencies, including 1 working structure fire. https://t.co/d5XKBTH9Qd",,True
2021-08-24T13:48:39.000Z,1430165156013781005,20069434,"#DCsBravest responded to 601 calls on Monday, August 23rd. There were 204 critical and 281 non-critical EMS calls, and 116 fire related incidents and other types of emergencies. https://t.co/Sd9txBYI85",,True
2021-08-23T23:06:28.000Z,1429943150739664907,20069434,"#DCsBravest responded to 573 calls on Sunday, August 22nd. There were 157 critical and 315 non-critical EMS dispatches, and 101 fire related incidents and other types of emergencies, including 1 working structure fire. https://t.co/Gm0Lxo5hZI",,True
2021-08-22T21:08:38.000Z,1429551109396475907,20069434,"#DCsBravest responded to 589 calls on Saturday, August 21st. There were 154 critical and 313 non-critical EMS dispatches, and 122 fire related incidents and other types of emergencies. https://t.co/jMRixSYOhK",,True
2021-08-21T20:14:13.000Z,1429175025320464389,20069434,"#DCsBravest responded to 612 calls on Friday, August 20th. There were 171 critical and 285 non-critical EMS dispatches, and 156 fire related incidents and other types of emergencies. https://t.co/tx07I92bqi",,True
2021-08-20T14:22:31.000Z,1428724131252604928,20069434,"#DCsBravest responded to 523 calls on Thursday, August 19th. There were 162 critical and 270 non-critical EMS dispatches, and 91 fire related incidents and other types of emergencies. https://t.co/HXx8yVXjdf",,True
2021-08-19T17:38:05.000Z,1428410956078624771,20069434,"#DCsBravest responded to 521 calls on Wednesday, August 18th. There were 145 critical and 253 non-critical EMS responses, and 123 fire related incidents and other types of emergencies. https://t.co/FqwfrUKtN7",,True
2021-08-18T15:25:16.000Z,1428015144303476742,20069434,"#DCsBravest responded to 579 calls on Tuesday, August 17th. There were 148 critical and 316 non-critical EMS dispatches, and 115 fire related incidents and other types of emergencies, including 1 working structure fire. https://t.co/OqiHw178nr",,True
2021-08-17T20:29:58.000Z,1427729435705364482,20069434,"#DCsBravest responded to 521 calls on Monday, August 16th. There were 154 critical and 260 non-critical EMS dispatches, and 107 fire related incidents and other types of emergencies. https://t.co/spVKKjKlZR",,True
2021-08-17T00:36:10.000Z,1427429007159709706,20069434,"#DCsBravest responded to 577 calls on Sunday, August 15th. There were 165 critical and 287 non-critical EMS dispatches, and 125 fire related incidents and other types of emergencies. https://t.co/Mp5wlbLYmG",,True
2021-08-15T20:08:32.000Z,1426999266921304075,20069434,"DCsBravest responded to 592 calls on Saturday, August 14th. There were 192 critical and 290 non-critical EMS dispatches, as well as 110 fire related incidents and other types of emergencies. https://t.co/4EbknSi8gN",,True
2021-08-14T15:52:35.000Z,1426572469146632197,20069434,"#DCsBravest responded to 594 calls on Friday, August 13th. There were 192 critical and 286 non-critical EMS dispatches, and 116 fire related incidents and other types of emergencies. https://t.co/GZRLrtHXR7",,True
2021-08-13T22:38:10.000Z,1426312147081076736,20069434,"#DCsBravest responded to 589 calls on Thursday, August 12th. There were 191 critical and 287 non-critical EMS Dispatches, and 111 fire related incidents and other types of emergencies. https://t.co/osP0e1APhK",,True
2021-08-12T19:06:28.000Z,1425896482734055426,20069434,"#DCsBravest responded to 583 calls on Wednesday, August 11th. There were 183 critical and 268 non-critical EMS dispatches, and 132 fire related incidents and other types of emergencies. https://t.co/2T3AfaNSU7",,True
2021-08-11T15:50:48.000Z,1425484853961711617,20069434,"#DCsBravest responded to 570 calls on Tuesday, August 10th. There were were 152 critical and 266 non-critical EMS dispatches, and 142 fire related incidents and other types of emergencies. https://t.co/bhPKT1rGjG",,True
2021-08-10T15:28:53.000Z,1425116953878859779,20069434,"#DCsBravest responded to 573 calls on Monday, August 9th. There were 178 critical and 285 non-critical EMS dispatches, and 110 fire related incidents and other types of emergencies. https://t.co/TG8jckuP5c",,True
2021-08-09T15:21:35.000Z,1424752727180161032,20069434,"#DCsBravest responded to 582 calls on Sunday, August 8th. There were 178 critical and 311 non-critical EMS dispatches, and 93 fire related incidents and other types of emergencies. https://t.co/TECf1eC7bq",,True
2021-08-09T00:02:36.000Z,1424521458521419777,20069434,"#DCsBravest responded to 539 calls on Saturday, August 7th. There were 169 critical and 275 non-critical EMS dispatches, and 95 fire related incidents and other types of emergencies. https://t.co/bsTJlERQgG",,True
2021-08-07T16:51:00.000Z,1424050454095409156,20069434,"#DCsBravest responded to 594 calls on Friday, August 6th. There were 176 critical and 300 non-critical EMS dispatches, and 118 fire related incidents and other types of emergencies. https://t.co/ZGu1KEKBTa",,True
2021-08-06T18:17:53.000Z,1423709932558376961,20069434,"#DCsBravest responded to 553 calls on Thursday, August 5th. there were 185 critical and 292 non-critical EMS dispatches, and 76 fire related incidents and other types of emergencies. https://t.co/8T1Kqeaadg",,True
2021-08-05T13:54:45.000Z,1423281323968405516,20069434,"#DCsBravest responded to 520 calls on Wednesday, August 4th. There were 142 critical and 265 non-critical EMS dispatches, and 113 fire related incidents and other types of emergencies. https://t.co/5XStT731nX",,True
2021-08-04T18:52:27.000Z,1422993854689595396,20069434,"#DCsBravest responded to 565 calls on Tuesday, August 3rd. There were 165 critical and 302 non-critical EMS dispatches, and 98 fire related incidents and other types of emergencies, including 1 working structure fire. https://t.co/PONCU0EZNp",,True
2021-08-03T15:31:16.000Z,1422580836277395462,20069434,"#DCsBravest responded to 533 calls on Monday, August 2nd. There were 154 critical and 271 non-critical EMS dispatches, and 108 fire related incidents and other types of emergencies. https://t.co/8P0z6SkaR9",,True
2021-08-02T16:43:48.000Z,1422236703142645764,20069434,"#DCsBravest responded to 514 calls on Sunday, August 1st. There were 135 critical and 287 non-critical EMS dispatches, and 92 fire related incidents and other types of emergencies. https://t.co/ZYSpK8MrHV",,True
2021-07-30T18:03:18.000Z,1421169546086465538,20069434,"#DCsBravest responded to 552 calls on Thursday, July 29th. There were 152 critical and 278 non-critical EMS dispatches, and 122 fire related incidents and other types of emergencies. https://t.co/fNGE5DddTX",,True
2021-07-29T15:33:11.000Z,1420769379747340288,20069434,"#DCsBravest responded to 547 calls on Wednesday, July 28th. There were 139 critical and 279 non-critical EMS dispatches, and 129 fire related incidents and other types of emergencies. https://t.co/6hd9LMdgVI",,True
2021-07-28T13:58:57.000Z,1420383276682854403,20069434,"#DCsBravest responded to 552 calls on Tuesday, July 27th. There were 165 critical and 283 non-critical EMS dispatches, and 104 fire related incidents and other types of emergencies. https://t.co/NNn358I0DU",,True
2021-07-27T15:19:18.000Z,1420041109892472832,20069434,"#DCsBravest responded to 629 calls on Monday, July 26th. There were 153 critical and 299 non-critical EMS dispatches, and 177 fire related incidents and other types of emergencies. https://t.co/2mu3WaNhXg",,True
2021-07-26T16:36:41.000Z,1419698197061066754,20069434,"#DCsBravest responded to 535 calls on Sunday, July 25th. There were 161 critical and 278 non-critical EMS dispatches, and 96 fire related incidents and other types of emergencies. https://t.co/zGC0p6ovLA",,True
2021-07-25T20:15:19.000Z,1419390830759055369,20069434,"#DCsBravest responded to 555 calls on Saturday, July 24th. There were 172 critical and 297 non-critical EMS dispatches, and 86 fire related incidents and other types of emergencies. https://t.co/383f75d0qf",,True
2021-07-24T15:39:42.000Z,1418959080136364038,20069434,"#DCsBravest responded to 569 calls on Friday,July 23rd. There were 174 critical and 277 non-critical EMS dispatches, and 118 fire related incidents and other types of emergencies, including 1 working structure fire. https://t.co/tYcvReRzxa",,True
2021-07-23T20:08:06.000Z,1418664236855828480,20069434,"#DCsBravest responded to 564 calls on Thursday, July 22nd. There were 171 critical and 253 non-critical EMS dispatches, and 140 fire related incidents and other types of emergencies,  including 1 two alarm structure fire and 1 working structure fire. https://t.co/j7a5r7mjcE",,True
2021-07-22T15:47:13.000Z,1418236196564652033,20069434,"#DCsBravest responded to 574 calls on Wednesday, July 21st. There were 178 critical and 280 non-critical EMS dispatches, and 116 fire related incidents and other types of emergencies. https://t.co/IuGfSqA2pH",,True
2021-07-21T16:42:36.000Z,1417887746744586247,20069434,"#DCsBravest responded to 547 calls on Tuesday, July 20th. There were 150 critical and 285 non-critical EMS dispatches, and 112 fire related incidents and other types of emergencies. https://t.co/6ycwHiC7K4",,True
2021-07-20T14:54:19.000Z,1417498108339048451,20069434,"#DCsBravest responded to 580 calls on Monday, July 19th. There were 156 critical and 320 non-critical EMS dispatches, and 104 fire related incidents and other types of emergencies,  including 1 working structure fire. https://t.co/y24PbnQc8Q",,True
2021-07-19T13:47:40.000Z,1417118947393118211,20069434,"#DCsBravest responded to 585 calls on Sunday,July 18th. There were 188 critical and 298 non-critical EMS dispatches, and 99 fire related incidents and other types of emergencies. https://t.co/D0BBTaaDzP",,True
2021-07-18T16:51:13.000Z,1416802750336229380,20069434,"#DCsBravest responded to 620 calls on Saturday, July 17th. There were 202 critical and 291 non-critical EMS dispatches, and 127 fire related incidents and other types of emergencies. https://t.co/aLDbOA3pr9",,True
2021-07-17T18:20:20.000Z,1416462792220106755,20069434,"#DCsBravest responded to 657 calls on Friday, July 16th. There were 192 critical and 326 non-critical EMS dispatches, and 139 fire related incidents and other types of emergencies, including 1 working structure fire. https://t.co/SkQzLdQgqU",,True
2021-07-15T12:44:21.000Z,1415653463049052162,20069434,"#DCsBravest responded to 603 calls on Wednesday, July 14th. There were 162 critical and 312 non-critical EMS dispatches, and 129 fire related incidents and other types of emergencies, including 1 working structure fire and 1 mass casualty bus accident. https://t.co/84hULftQOI",,True
2021-07-14T23:01:10.000Z,1415446301324546053,20069434,"#DCsBravest responded to 586 calls on Tuesday,July 13th. There were 164 critical and 307 non-critical EMS dispatches and 115 fire related incidents and other types of emergencies. https://t.co/qc3c50tamt",,True
2021-07-13T16:40:28.000Z,1414988104839090177,20069434,"#DCsBravest responded to 574 calls on Monday, July 12th. There were 162 critical and 296 non-critical EMS dispatches, and 116 fire related incidents and other types of emergencies, including a 2 Alarm structure fire. https://t.co/iuDkNlXFfV",,True
2021-07-12T23:06:41.000Z,1414722915115880448,20069434,"#DCsBravest responded to 574 calls on Sunday, July 11th. There were 164 critical and 311 non-critical EMS dispatches, and 99 fire related incidents and other types of emergencies. https://t.co/VZD7HKcTRk",,True
2021-07-11T13:06:43.000Z,1414209538786484233,20069434,"#DCsBravest responded to 564 calls on Saturday, July 10th. There were 169 critical and 293 non-critical EMS dispatches, and 102 fire related incidents and other types of emergencies. https://t.co/xUzBsorfvR",,True
2021-07-11T10:36:43.000Z,1414171791291977730,20069434,"#DCsBravest responded to 612 calls on Friday, July 9th. There were 176 critical and 312 non-critical EMS dispatches, and 124 fire related incidents and other types of emergencies. https://t.co/fUoWCm4kbJ",,True
2021-07-09T18:43:29.000Z,1413569512906055684,20069434,"#DCsBravest responded to 571 calls on Thursday, July 8th.  There were 174 critical and 273 non-critical EMS dispatches, and 124 fire related incidents and other types of emergencies. https://t.co/ygG1nLvBEM",,True
2021-07-08T17:44:09.000Z,1413192195058851840,20069434,"#DCsBravest responded to 590 calls on Wednesday, July 7th. There were 187 critical and 284 non-critical EMS dispatches, and 119 fire related incidents and other types of emergencies. https://t.co/RNiXpTgdc1",,True
2021-07-07T17:22:36.000Z,1412824382121119749,20069434,"#DCsBravest responded to 593 calls on Tuesday, July 6th. There were 140 critical and 319 non-critical EMS dispatches, and 134 fire related incidents and other types of emergencies. https://t.co/nj9knPjGMc",,True
2021-07-06T17:36:28.000Z,1412465484616830984,20069434,"#DCsBravest responded to 695 calls on Monday, July 5th.
There were 184 critical and 331 non-critical EMS dispatches, and 180 fire related incidents and other types of emergencies. https://t.co/D9pAZMIxp7",,True
2021-07-05T18:32:48.000Z,1412117272550903808,20069434,"#DCsBravest responded to 737 calls on Sunday, the 4th of July. There were 214 critical and 329 non-critical EMS dispatches, and 194 fire related incidents and other types of emergencies, which is almost double the average for this type of response. https://t.co/tpCEdsufCe",,True
2021-07-04T20:07:35.000Z,1411778738883284993,20069434,"#DCsBravest responded to 629 calls on Saturday, July 3rd. There were 193 critical and 311 non-critical EMS dispatches, and 125 fire related incidents and other types of emergencies. https://t.co/ucDp3JoooM",,True
2021-07-03T20:53:24.000Z,1411427881293598726,20069434,"#DCsBravest responded to 586 calls on Friday, July 2nd. There were 175 critical and 271 non-critical EMS dispatches, and 140 fire related incidents and other types of emergencies. https://t.co/rvNgN0y49Q",,True
2021-07-02T03:12:58.000Z,1410798627845517321,20069434,"#DCsBravest responded to 548 calls on Wednesday, June 30th. There were 136 critical and 283 non-critical EMS dispatches, and 129 fire related incidents and other types of emergencies. https://t.co/KvBkQDfwva",,True
2021-06-30T15:26:29.000Z,1410258446901989386,20069434,"#DCsBravest responded to 555 calls on Tuesday, June 29th. There were 187 critical and 261 non-critical EMS dispatches, and 107 fire related incidents and other types of emergencies. https://t.co/5HEkvRj1wZ",,True
2021-06-29T21:54:12.000Z,1409993631306498050,20069434,"#DCsBravest responded to 559 calls on Monday, June 28th. There were 167 critical and 261 non-critical EMS dispatches, and 131 fire related incidents and other types of emergencies. https://t.co/mhaVBPlEjf",,True
2021-06-28T22:20:26.000Z,1409637842985226241,20069434,"#DCsBravest responded to 621 calls on Sunday, June 27th. There were 186 critical and 323 non-critical EMS dispatches, and 112 fire related incidents and other types of emergencies. https://t.co/HuFjkgwVMN",,True
2021-06-27T17:13:20.000Z,1409198173860552711,20069434,"#DCsBravest responded to 570 calls on Saturday, June 26th. There were 142 critical and 308 non-critical EMS dispatches, and 120 fire related incidents and other types of emergencies. https://t.co/2numgAkbgp",,True
2021-06-26T16:34:38.000Z,1408826044962988041,20069434,"#DCsBravest responded to 592 calls on Friday, June 25th. There were 162 critical and 298 non-critical EMS dispatches, and 132 fire related incidents and other types of emergencies. https://t.co/xFoVHlVzUj",,True
2021-06-25T22:34:54.000Z,1408554322959405063,20069434,"#DCsBravest responded to 557 calls on Thursday, June 24th. There were 182 critical and 252 non-critical EMS dispatches, and 123 fire related incidents and other types of emergencies. https://t.co/825Z57jwfS",,True
2021-06-24T11:42:45.000Z,1408027812745912320,20069434,"#DCsBravest responded to 539 calls on Wednesday, June 23rd. There were 166 critical and 215 non-critical EMS dispatches, and 115 fire related incidents and other types of emergencies. https://t.co/Nue9e60fo1",,True
2021-06-23T20:29:13.000Z,1407797915591090176,20069434,"#DCsBravest responded to 468 calls on Tuesday, June 22nd. There were 137 critical and 237 non-critical EMS dispatches, and 94 fire related incidents and other types of emergencies. https://t.co/vId5DVNVuE",,True
2021-06-22T13:55:17.000Z,1407336391462301704,20069434,"#DCsBravest responded to 536 calls on Monday, June 21st. There were 175 critical and 249 non-critical EMS dispatches, and 112 fire related incidents and other types of emergencies. https://t.co/pF0qN3qwni",,True
2021-06-21T14:49:21.000Z,1406987608899588100,20069434,"#DCsBravest responded to 586 calls on Sunday, June 20th, There were 196 critical and 282 non-critical EMS dispatches, and 108 fire related incidents and other types of emergencies. https://t.co/8DdjqsWaDy",,True
2021-06-20T17:46:45.000Z,1406669866787082248,20069434,"#DCsBravest responded to 567 calls on Saturday, June 19th. There were 165 critical and 310 non-critical EMS dispatches, and 92 fire related incidents and other types of emergencies. https://t.co/EoBdDGO8pp",,True
2021-06-19T15:30:21.000Z,1406273150531387398,20069434,"#DCsBravest responded to 557 calls on Friday, June 18th. There were 167 critical and 290 non-critical EMS dispatches, and 100 fire related incidents and other types of emergencies. https://t.co/2hyY4vMdwe",,True
2021-06-18T21:30:41.000Z,1406001445019832326,20069434,"#DCsBravest responded to 532 calls on Thursday, June 17th. There were 162 critical and 267 non-critical EMS dispatches, and 103 fire related incidents and other types of emergencies, including 1 working structure fire. https://t.co/tOINi8CUwD",,True
2021-06-18T01:25:21.000Z,1405698112530882560,20069434,"#DCsBravest responded to 514 calls on Wednesday, June 16th. There were 148 critical and 259 non-critical EMS dispatches, and 107 fire related incidents and other types of emergencies. https://t.co/dpra2jomq0",,True
2021-06-16T17:48:05.000Z,1405220648666996740,20069434,"#DCsBravest responded to 527 calls on Tuesday, June 15th. There were 137 critical and 252 non-critical EMS dispatches, and 138 fire related incidents and other types of emergencies, including 2 working structure fires. https://t.co/oUp6Gf1tsd",,True
2021-06-15T21:03:36.000Z,1404907465301532676,20069434,"#DCsBravest responded to 556 calls on Monday, June 14th. There were 169 critical and 272 non-critical EMS dispatches, and 115 fire related incidents and other types of emergencies. https://t.co/WcyrOBRLRB",,True
2021-06-13T16:22:51.000Z,1404112038390079494,20069434,"#DCsBravest responded to 549 calls on Saturday, June 12th. There were 151 critical and 282 non-critical EMS dispatches, and 116 fire related incidents and other types of emergencies. https://t.co/POJ7pUDpYh",,True
2021-06-12T16:46:53.000Z,1403755696248836098,20069434,"#DCsBravest responded to 543 calls on Friday,June 11th. There were 152 critical and 272 non-critical EMS dispatches, and 119 fire incidents and other types of emergencies. https://t.co/mXHlJfXIQY",,True
2021-06-11T14:39:11.000Z,1403361172120915978,20069434,"#DCsBravest responded to 588 calls on Thursday, June 10th. there were 166 critical and 299 non-critical EMS dispatches, and 120 fire related incidents and other types of emergencies. https://t.co/eDaGyr6TIU",,True
2021-06-10T15:17:16.000Z,1403008368332115970,20069434,"#DCsBravest responded to 553 calls on Wednesday, June 9th. There were 168 critical and 285 non-critical EMS dispatches, and 100 fire related incidents and other types of emergencies. https://t.co/qbqreumOJY",,True
2021-06-09T18:46:58.000Z,1402698752088064007,20069434,"#DCsBravest responded to 588 calls on Tuesday, June 8th. There were 162 critical and 307 non-critical EMS dispatches, and 119 fire related incidents and other types of emergencies, including one 2 Alarm structure fire https://t.co/6X1ABM9g7T",,True
2021-06-08T16:40:20.000Z,1402304497754464265,20069434,"#DCsBravest responded to 573 calls on Monday, June 7th. There were 168 critical and 309 non-critical EMS dispatches, and 96 fire related incidents and other types of emergencies. https://t.co/qyznbyAQyX",,True
2021-06-07T20:29:35.000Z,1401999801978396673,20069434,"#DCsBravest responded to 569 calls on Sunday, June 6th. There were 196 critical and 264 non-critical EMS dispatches, and 109 fire related incidents and other types of emergencies, including 1 working structure fire. https://t.co/dpIYDs46VS",,True
2021-06-06T23:38:24.000Z,1401684931886161921,20069434,"#DCsBravest responded to 630 calls on Saturday, June 5th. There were 219 critical and 287 non-critical EMS dispatched, and 124 fire related incidents and other types of emergencies. https://t.co/3jqoIWXS3p",,True
2021-06-06T13:36:27.000Z,1401533447252975619,20069434,"#DCsBravest responded to 540 calls on Friday, June 4th. There were 176 critical and 255 non-critical EMS dispatches, and 109 fire related incidents and other types of emergencies. https://t.co/jCCTOJZJR6",,True
2021-06-04T17:23:37.000Z,1400865838215929864,20069434,"DCsBravest responded to 575 calls on Thursday, June 3rd. There were 167 critical and 290 non-critical EMS dispatches, and 118 fire related incidents and other types of emergencies. https://t.co/Z9pomz2BPi",,True
2021-06-03T18:06:51.000Z,1400514329108226052,20069434,"#DCsBravest responded to 572 calls on Wednesday, June 2nd. There were 169 critical and 317 non-critical EMS dispatches, and 86 fire related incidents and other types of emergencies. https://t.co/o66TucMDCN",,True
2021-06-01T15:19:33.000Z,1399747454313111552,20069434,"#DCsBravest responded to 537 calls on Monday, May 31st, Memorial Day. There were 174 critical and 261 non-critical EMS dispatches, and 102 fire related incidents and other types of emergencies. https://t.co/IKc7GIa90N",,True
2021-05-31T16:50:38.000Z,1399407988155224064,20069434,"#DCsBravest responded to 495 calls on Sunday, May 30th. There were 131 critical and 275 non-critical EMS dispatches, and 89 fire related incidents and other types of emergencies. https://t.co/B3NKeEXZuS",,True
2021-05-31T00:21:49.000Z,1399159145027227654,20069434,"#DCsBravest responded to 441 calls on Saturday, May 29th. There were 131 critical and 221 non-critical EMS dispatches, and 89 fire related incidents and other types of emergencies. https://t.co/ZtMSdZJBig",,True
2021-05-30T01:46:47.000Z,1398818137190060035,20069434,"#DCsBravest responded to 534 calls on Friday, May 28th. There were 156 critical and 278 non-critical EMS dispatches, and 100 fire related incidents and other types of emergencies, including 1 working structure fire. https://t.co/qOdUykhVDE",,True
2021-05-28T20:36:51.000Z,1398377754056433665,20069434,"#DCsBravest responded to 537 calls on Thursday, May 27th. There were 179 critical and 279 non-critical EMS dispatches, and 79 fire related incidents and other types of emergencies. https://t.co/AxYXE5s5Bs",,True
2021-05-27T14:36:33.000Z,1397924690748866565,20069434,"#DCsBravest responded to 576 calls on Wednesday, May 26th. There were 164 critical and 261 non-critical EMS dispatches, and 151 fire related incidents and other types of emergencies. https://t.co/psdtTI95DV",,True
2021-05-26T18:13:51.000Z,1397616991406641160,20069434,"#DCsBravest responded to 498 calls on Tuesday, May 25th. There were 141 critical and 272 non-critical EMS dispatches, and 85 fire related incidents and other types of emergencies. https://t.co/dMnXmaf628",,True
2021-05-25T18:35:21.000Z,1397260011466854402,20069434,"#DCsBravest responded to 492 calls on Monday, May 24th. There were 147 critical and 260 non-critical EMS dispatches, and 85 fire related incidents and other types of emergencies, including 1 working structure fire. https://t.co/pZyuIVeXWW",,True
2021-05-24T12:20:11.000Z,1396803210321571844,20069434,"#DCsBravest responded to 541 calls on Sunday, May 23rd. There were 187 critical and 257 non-critical EMS dispatches, and 97 fire related incidents and other types of emergencies. https://t.co/Eko10QBJ6e",,True
2021-05-23T20:07:19.000Z,1396558381737984000,20069434,"#DCsBravest responded to 615 calls on Saturday, May 22nd. There were 207 critical and 283 non-critical EMS dispatches, and 125 fire related incidents and other types of emergencies, including 2 working structure fires. https://t.co/gS0Fzuis3G",,True
2021-05-22T16:53:14.000Z,1396147148828389381,20069434,"#DCsBravest responded to 573 calls on Friday, May 21st. There were 174 critical and 296 non-critical EMS dispatches, and 103 fire related incidents and other types of emergencies, including one 2 Alarm structure fire. https://t.co/8exAXTfE4j",,True
2021-05-22T03:13:31.000Z,1395940863147225088,20069434,"#DCsBravest responded to 542 calls on Thursday, May 20th. There were 147 critical and 279 non-critical EMS dispatches, and 116 fire related incidents and other types of emergencies. https://t.co/OFCygdOJVC",,True
2021-05-20T14:57:58.000Z,1395393365689126922,20069434,"#DCsBravest responded to 609 calls on Wednesday, May 19th. There were 197 critical and 313 non-critical EMS dispatches, and 99 fire related incidents and other types of emergencies. https://t.co/mCEbY5Wnzk",,True
2021-05-19T23:43:02.000Z,1395163116040773633,20069434,"#DCsBravest responded to 568 calls on Tuesday, May 18th. There were 174 critical and 283 non-critical EMS dispatches, and 111 fire related incidents and other types of emergencies, including 1 working structure fire. https://t.co/qUmEboOaRv",,True
2021-05-16T12:50:21.000Z,1393911701477724160,20069434,"#DCsBravest responded to 515 calls on Saturday, May 15th. There were 165 critical and 260 non-critical EMS dispatches, and 90 fire related incidents and other types of emergencies. https://t.co/qmO4eHFTVv",,True
2021-05-15T18:38:44.000Z,1393636984904630273,20069434,"#DCsBravest responded to 556 calls on Friday, May 14th. There were 155 critical and 315 non-critical EMS dispatches, and 86 fire related incidents and other types of emergencies. https://t.co/vADpvgJWD6",,True
2021-05-14T23:37:36.000Z,1393349809000615944,20069434,"#DCsBravest responded to 522 calls on Thursday, May 13th. There were 171 critical and 253 non-critical EMS dispatches, and 98 fire related incidents and other types of emergencies. https://t.co/7n1ONR5BMw",,True
2021-05-13T17:21:59.000Z,1392892892843290635,20069434,"#DCsBravest responded to 484 calls on Wednesday, May 12th. There were 149 critical and 241 non-critical EMS dispatches, and 94 fire related incidents and other types of emergencies. https://t.co/SfiP8bGkkS",,True
2021-05-12T16:03:41.000Z,1392510803979481088,20069434,"#DCsBravest responded to 499 calls on Tuesday, May 11th. There were 137 critical and 268 non-critical EMS dispatches, and 94 fire related incidents and other types of emergencies. https://t.co/ZArYwXU53c",,True
2021-05-11T16:10:39.000Z,1392150169592995840,20069434,"#DCsBravest responded to 554 calls on Monday, May 10th. There were 186 critical and 285 non-critical EMS dispatches, and 83 fire related incidents and other types of emergencies. https://t.co/x0Ql6RIeW6",,True
2021-05-10T14:17:42.000Z,1391759353393385476,20069434,"#DCsBravest responded to 525 calls on Sunday, May 9th. There were 164 critical and 252 non-critical EMS dispatches, and 109 fire related incidents and other types of emergencies. https://t.co/xVHAmqDwZ7",,True
2021-05-09T16:27:33.000Z,1391429645975924738,20069434,"#DCsBravest responded to 530 calls on Saturday, May 8th. There were 183 critical and 260 non-critical EMS dispatches, and 87 fire related incidents and other types of emergencies, including 1 working structure fire. https://t.co/dV5X0BTRKu",,True
2021-05-09T02:22:42.000Z,1391217030615998467,20069434,"#DCsBravest responded to 496 calls on Friday, May 7th. There were 157 critical and 256 non-critical EMS dispatches, and 83 fire related incidents and other types of emergencies, including 1 working structure fire. https://t.co/scDsrl3WXU",,True
2021-05-07T17:48:41.000Z,1390725285679599617,20069434,"#DCsBravest responded to 525 calls on Thursday, May 6th. There were 153 critical and 277 non-critical EMS dispatches, and 95 fire related incidents and other types of emergencies. https://t.co/zChoMQsmOT",,True
2021-05-06T16:05:44.000Z,1390336991087169541,20069434,"#DCsBravest responded to 586 calls on Wednesday, May 5th. There were 180 critical and 292 non-critical EMS dispatches, and 114 fire related incidents and other types of emergencies. https://t.co/gOZ1XcOut6",,True
2021-05-05T20:22:42.000Z,1390039269071376389,20069434,"#DCsBravest responded to 550 calls on Tuesday, May 4th. There were 167 critical and 277 non-critical EMS dispatches, and 106 fire related incidents and other types of emergencies, including 1 working structure fire. https://t.co/5z6CwbYq26",,True
2021-05-04T18:11:00.000Z,1389643738205626371,20069434,"#DCsBravest responded to 502 calls on Monday, May 3rd. There were 147 critical and 231 non-critical EMS dispatches, as well as 124 fire related incidents and other types of emergencies. https://t.co/f78skJ5mCd",,True
2021-05-03T16:03:29.000Z,1389249260353376260,20069434,"#DCsBravest responded to 519 calls on Sunday, May 2nd. There were 163 critical and 276 non-critical EMS dispatches, and 80 fire related incidents and other types of emergencies. https://t.co/mp9PTRgf6i",,True
2021-05-02T18:13:54.000Z,1388919692820193281,20069434,"#DCsBravest responded to 570 calls on Saturday, May 1st. There were 166 critical and 303 non-critical EMS dispatches, and 101 fire related incidents and other types of emergencies. https://t.co/0Aek4FUqZ5",,True
2021-05-01T19:14:56.000Z,1388572664348938245,20069434,"#DCsBravest responded to 566 calls on Friday, April 30th. There were 144 critical and 255 non-critical EMS dispatches, and 167 fire related incidents and other types of emergencies. https://t.co/jufjJI6k0o",,True
2021-05-01T00:05:38.000Z,1388283436167802885,20069434,"#DCsBravest responded to 545 calls on Thursday, April 29th. There were 181 critical and 267 non-critical EMS dispatches, and 97 fire related incidents and other types of emergencies. https://t.co/RTQYzG6x2k",,True
2021-04-29T16:21:00.000Z,1387804116181782528,20069434,"#DCsBravest responded to 550 calls on Wednesday, April 28th. There were 186 critical and 270 non-critical EMS dispatches, and 94 fire related incidents and other types of emergencies. https://t.co/mykv79LWTX",,True
2021-04-28T19:04:40.000Z,1387482917648150530,20069434,"#DCsBravest responded to 545 calls on Tuesday, April 27th. There were 141 critical and 298 non-critical EMS dispatches, and 106 fire related incidents and other types of emergencies. https://t.co/xHC4lkQIko",,True
2021-04-27T12:18:02.000Z,1387018197623259136,20069434,"#DCsBravest responded to 517 calls on Monday, April 26th. There were 141 critical and 273 non-critical EMS dispatches, and 103 fire related incidents and other types of emergencies, including 1 working structure fire. https://t.co/5nATflJpWO",,True
2021-04-26T17:24:12.000Z,1386732857364729858,20069434,"#DCsBravest responded to 506 calls on Sunday, April 25th. There were 151 critical and 270 non-critical EMS dispatches, and 85 fire related incidents and other types of emergencies. https://t.co/xVAO3xhZ0L",,True
2021-04-25T18:07:36.000Z,1386381393094189058,20069434,"#DCsBravest responded to 463 calls on Saturday, April 24th. There were 161 critical and 223 non-critical EMS dispatches, and 79 fire related incidents and other types of emergencies. https://t.co/Qo6FZMfd2G",,True
2021-04-24T20:15:05.000Z,1386051087887749126,20069434,"#DCsBravest responded to 540 calls on Friday, April 23rd. There were 171 critical and 261 non-critical EMS dispatches, and 108 fire related incidents and other types of emergencies, including 1 working structure fire. https://t.co/2WrV5qVN4I",,True
2021-04-23T15:43:27.000Z,1385620341372903424,20069434,"#DCsBravest responded to 456 calls on Thursday, April 22nd. There were 142 critical and 225 non-critical EMS dispatches, and 89 fire related incidents and other types of emergencies. https://t.co/zLqWzlCyiH",,True
2021-04-22T14:47:41.000Z,1385243919559139332,20069434,"#DCsBravest responded to 487 calls on Wednesday, April 21st. There were 143 critical and 256 non-critical EMS dispatches, and 88 fire related incidents and other types of emergencies. https://t.co/BWDOgwOlpA",,True
2021-04-21T19:18:24.000Z,1384949659718856705,20069434,"#DCsBravest responded to 501 calls on Tuesday, April 20th. There were 154 critical and 255 non-critical EMS dispatches, and 92 fire related incidents and other types of emergencies. https://t.co/JDjPGpzVwX",,True
2021-04-20T14:26:05.000Z,1384513708571959301,20069434,"#DCsBravest responded to 506 calls on Monday,April 19th. There were 159 critical and 261 non-critical EMS dispatches, and 86 fire related incidents and other types of emergencies. https://t.co/Z1RSuaYKDj",,True
2021-04-19T16:14:31.000Z,1384178608671920134,20069434,"#DCsBravest responded to 448 calls on Sunday, April 18th. There were 132 critical and 241 non-critical EMS dispatches, and 75 fire related incidents and other types of emergencies, including 2 working structure fires. https://t.co/cWX98a1ZVF",,True
2021-04-18T17:13:57.000Z,1383831176897388548,20069434,"#DCsBravest responded to 464 calls on Saturday, April 17th. There were 125 critical and 253 non-critical EMS dispatches, and 86 fire related incidents and other types of emergencies, including 1 working structure fire. https://t.co/wbTjjEuF8O",,True
2021-04-17T12:44:16.000Z,1383400921552408588,20069434,"#DCsBravest responded to 493 calls on Friday, April 16th. There were 139 critical and 265 non-critical EMS dispatches, and 89 fire related incidents and other types of emergencies. https://t.co/n05ewKp6Rp",,True
2021-04-16T15:29:28.000Z,1383080105258405889,20069434,"#DCsBravest responded to 476 calls on Thursday, April 15th. There were 149 critical and 227 non-critical EMS dispatches, and 100 fire related incidents and other types of emergencies. https://t.co/gWUTZNaSFM",,True
2021-04-15T12:07:49.000Z,1382666973595717632,20069434,"#DCsBravest responded to 466 calls on Wednesday, April 14th. There were 145 critical and 210 non-critical EMS dispatches, and 111 fire related incidents and other types of emergencies, including 1 working structure fire. https://t.co/OP0oUFBbKO",,True
2021-04-14T16:21:50.000Z,1382368509724921863,20069434,"#DCsBravest responded to 465 calls on Tuesday, April 13th. There were 160 critical and 228 non-critical EMS dispatches, and 77 fire related incidents and other types of emergencies. https://t.co/Y6cN19Bsia",,True
2021-04-13T21:03:06.000Z,1382076906674253824,20069434,"#DCsBravest responded to 492 calls on Monday, April 12th. There were 150 critical and 242 non-critical EMS dispatches, and 100 fire related incidents and other types of emergencies https://t.co/6bjBcRHcbO",,True
2021-04-12T16:08:13.000Z,1381640308891529216,20069434,"#DCsBravest responded to 543 calls on Sunday, April 11th. There were 182 critical and 266 non-critical EMS dispatches, as well as 95 fire related incidents and other types of emergencies. https://t.co/0HQ9IAtqvk",,True
2021-04-10T19:58:36.000Z,1380973509153759232,20069434,"#DCsBravest responded to 480 calls on Friday, April 9th. There were 146 critical and 233 non-critical EMS dispatches, and 101 fire related incidents and other types of emergencies. https://t.co/8YTl2cBMsc",,True
2021-04-09T18:53:19.000Z,1380594693776535558,20069434,"#DCsBravest responded to 506 calls on Thursday, April 8th. There were 144 critical and 269 non-critical EMS dispatches, as well as 93 fire related incidents and other types of emergencies. https://t.co/UtfRAarOzv",,True
2021-04-08T21:04:32.000Z,1380265324176674816,20069434,"#DCsBravest responded to 535 calls on Wednesday, April 7th. There were 151 critical and 282 non-critical EMS dispatches, and 102 fire related incidents and other types of emergencies, including 1 fatal working structure fire. https://t.co/8BRivLJTSq",,True
2021-04-07T16:39:36.000Z,1379836266322219012,20069434,"#DCsBravest responded to 539 calls on Tuesday, April 6th. There were 161 critical and 280 non-critical EMS dispatches, and 98 fire related incidents and other types of emergencies. https://t.co/UX3y34c6FF",,True
2021-04-06T15:31:54.000Z,1379456842376622085,20069434,"#DCsBravest responded to 571 calls on Monday, April 5th. There were 182 critical and 287 non-critical EMS dispatches, and 102 fire related incidents and other types of emergencies,  including 2 working structure fires. https://t.co/TkmfQzyDL7",,True
2021-04-04T16:20:13.000Z,1378744225773289475,20069434,"#DCsBravest responded to 499 calls on Saturday,April 3rd. There were 145 critical and 257 non-critical EMS dispatches, and 97 fire related incidents and other types of emergencies. https://t.co/T59sdnrpy3",,True
2021-04-03T18:06:12.000Z,1378408507632971788,20069434,"#DCsBravest responded to 467 calls on Friday, April 2nd. There were 121 critical and 255 non-critical EMS dispatches, and 91 fire related incidents and other types of emergencies. https://t.co/suOz4Bw022",,True
2021-04-02T21:29:17.000Z,1378097229555191814,20069434,"#DCsBravest responded to 527 calls on Thursday, April 1st. There were 182 critical and 258 non-critical EMS dispatches, and 87 fire related incidents and other types of emergencies. https://t.co/5beq9NG2Sm",,True
2021-04-01T20:31:09.000Z,1377720210472509442,20069434,"#DCsBravest responded to 501 calls on Wednesday, March 31st. There were 143 critical and 248 non-critical EMS dispatches, and 110 fire related incidents and other types of emergencies. https://t.co/QJHSztKz5s",,True
2021-03-31T14:54:24.000Z,1377273075771789317,20069434,"#DCsBravest responded to 486 calls on Tuesday, March 30th. There were 124 critical and 270 non-critical EMS dispatches, and 92 fire related incidents and other types of emergencies. https://t.co/RyQXpreX1n",,True
2021-03-30T15:22:35.000Z,1376917780138692616,20069434,"#DCsBravest responded to 475 calls on Monday, March 29th. There were 129 critical and 252 non-critical EMS dispatches, and 94 fire related incidents and other types of emergencies. https://t.co/M4NmWcwRE2",,True
2021-03-29T16:05:32.000Z,1376566202458312714,20069434,"#DCsBravest responded to 491 calls on Sunday, March 28th. There were 140 critical and 248 non-critical EMS dispatches, and 103 fire related incidents and other types of emergencies. https://t.co/saX5niR2FI",,True
2021-03-28T19:05:45.000Z,1376249168516222978,20069434,"#DCsBravest responded to 509 calls on Saturday, March 27th. There were 156 critical and 260 non-critical EMS dispatches, and 93 fire related incidents and other  types of emergencies. https://t.co/Kf8F8GZoRK",,True
2021-03-27T16:48:28.000Z,1375852229354196992,20069434,"#DCsBravest responded to 563 calls on Friday, March 26th. There were 165 critical and 287 non-critical EMS dispatches, and 111 fire related incidents and other types of emergencies. https://t.co/zCOM9mZenI",,True
2021-03-26T17:16:15.000Z,1375496833414410240,20069434,"#DCsBravest responded to 481 calls on Thursday, March 25th. There were 133 critical and 267 non-critical EMS dispatches, and 81 fire related incidents and other types of emergencies. https://t.co/sJ3Pufxgmk",,True
2021-03-25T17:43:15.000Z,1375141243500519424,20069434,"#DCsBravest responded to 493 calls on Wednesday, March 24th. There were 136 critical and 257 non-critical EMS dispatches, and 100 fire related incidents and other types of emergencies, including 1 working structure fire. https://t.co/DvDlAmkBp9",,True
2021-03-24T16:27:35.000Z,1374759810533560330,20069434,"#DCsBravest responded to 513 calls on Tuesday, March 23rd. There were 149 critical and 276 non-critical EMS dispatches, and 88 fire related incidents and other types of emergencies. https://t.co/pUqgu5aY9K",,True
2021-03-23T14:45:46.000Z,1374371800889618432,20069434,"#DCsBravest responded to 471 calls on Monday, March 22nd. There were 133 critical and 255 non-critical EMS dispatches, and 83 fire related incidents and other types of emergencies. https://t.co/vnBcbr4yYM",,True
2021-03-22T15:48:33.000Z,1374025214300934144,20069434,"#DCsBravest responded to 507 calls on Sunday, March 21st. There were 138 critical and 271 non-critical EMS dispatches, and 98 fire related incidents and other types of emergencies, including 1 working structure fire. https://t.co/bd9mWSIRGS",,True
2021-03-22T00:37:32.000Z,1373795948116242435,20069434,"#DCsBravest responded to 440 calls on Saturday,March 20th. There were 100 critical and 254 non-critical EMS dispatches, and 86 fire related incidents and other types of emergencies, including 1 working structure fire. https://t.co/ImVzkBhiOe",,True
2021-03-21T00:04:23.000Z,1373425217805111303,20069434,"#DCsBravest responded to 492 calls on Friday, March 19th. There were 143 critical and 270 non-critical EMS dispatches, and 79 fire related incidents and other types of emergencies. https://t.co/NQLJlvBekx",,True
2021-03-19T15:52:18.000Z,1372938991184576514,20069434,"#DCsBravest responded to 472 calls on Thursday, March 18th. There were 149 critical and 234 non-critical EMS dispatches, and 89 fire related incidents and other types of emergencies. https://t.co/CsYQ95jOg6",,True
2021-03-18T15:59:08.000Z,1372578324967530500,20069434,"#DCsBravest responded to 459 calls on Wednesday, March 17th. There were 172 critical and 214 non-critical EMS dispatches, and 73 fire related incidents and other types of emergencies. https://t.co/KsCUGbFegz",,True
2021-03-17T17:26:10.000Z,1372237841250541577,20069434,"#DCsBravest responded to 470 calls on Tuesday, March 16th. There were 114 critical and 251 non-critical EMS dispatches, and 105 fire related incidents and other types of emergencies. https://t.co/XbRulvvHzZ",,True
2021-03-16T17:31:14.000Z,1371876725529907203,20069434,"#DCsBravest responded to 477 calls on Monday, March 15th. There were 144 critical and 251 non-critical EMS dispatches, and 82 fire related incidents and other types of emergencies, including 3 working structure fires. https://t.co/32uMOwPiil",,True
2021-03-15T15:59:40.000Z,1371491295689072640,20069434,"#DCsBravest responded to 466 calls on Sunday, March 14th. There were 141 critical and 224 non-critical EMS dispatches, and 101 fire related incidents and other types of emergencies. https://t.co/CA6mfUTFCk",,True
2021-03-14T20:07:22.000Z,1371191244995584002,20069434,"#DCsBravest responded to 500 calls on Saturday, March 13th. There were 144 critical and 258 non-critical EMS dispatches, and 98 fire related incidents and other types of emergencies. https://t.co/hmWV9YmDXy",,True
2021-03-13T13:09:15.000Z,1370723633224634369,20069434,"#DCsBravest responded to 539 calls on Friday, March 12th. There were 154 critical and 268 non-critical EMS dispatches, and 117 fire related incidents and other types of emergencies, including 2 working structure fires. https://t.co/as2db5Cns3",,True
2021-03-12T15:06:50.000Z,1370390837373378564,20069434,"#DCsBravest responded to 538 calls on Thursday, March 11th. There were 144 critical and 292 non-critical EMS dispatches, and 102 fire related incidents and other types of emergencies. https://t.co/OFnTZOfD86",,True
2021-03-11T17:37:55.000Z,1370066470806388738,20069434,"#DCsBravest responded to 505 calls on Wednesday, March 10th. There were 144 critical and 270 non-critical EMS dispatches, and 91 fire related incidents and other types of emergencies. https://t.co/9QZDcfHOCr",,True
2021-03-10T17:36:28.000Z,1369703718241845251,20069434,"#DCsBravest responded to 479 calls on Tuesday, March 9th. There were 143 critical and 237 non-critical EMS dispatches, and 99 fire related incidents and other types of emergencies. https://t.co/wCHUNssOuV",,True
2021-03-07T19:07:09.000Z,1368639373001039874,20069434,"#DCsBravest responded to 510 calls on Saturday, March 6th. There were 153 critical and 275 non-critical EMS dispatches, and 82 fire related incidents and other types of emergencies. https://t.co/3iFbV0bouq",,True
2021-03-06T20:36:09.000Z,1368299382186123268,20069434,"#DCsBravest responded to 510 calls on Friday, March 5th. There were 144 critical and 264 non-critical EMS dispatches, and 102 fire related incidents and other types of emergencies, including 2 working structure fires. https://t.co/cTPWzkPC4d",,True
2021-03-05T19:49:13.000Z,1367925184976596995,20069434,"#DCsBravest responded to 460 calls on Thursday, March 4th. There were 133 critical and 250 non-critical EMS dispatches, and 77 fire related incidents and other types of emergencies. https://t.co/ZdbS3CSeNG",,True
2021-03-04T17:05:02.000Z,1367521476736344067,20069434,"#DCsBravest responded to 570 calls on Wednesday, March 3rd. There were 156 critical and 293 non-critical EMS dispatches, and 121 fire related incidents and other types of emergencies, including 1 two alarm structure fire. https://t.co/iIz1KHCbH7",,True
2021-03-03T23:10:59.000Z,1367251183551791115,20069434,"#DCsBravest responded to 506 calls on Tuesday, March 2nd. There were 142 critical and 260 non-critical EMS dispatches, and 104 fire related incidents and other types of emergencies. https://t.co/fmhp2jRvub",,True
2021-03-02T20:26:15.000Z,1366847340452204547,20069434,"#DCsBravest responded to 484 calls on Monday, March 1st. There were 141 critical and 252 non-critical EMS dispatches, and 91 fire related incidents and other types of emergencies. https://t.co/fBeRT5J5hV",,True
2021-03-01T19:31:37.000Z,1366471203247034371,20069434,"#DCsBravest responded to 426 calls on Sunday, February 28th. There were 152 critical and 189 non-critical EMS dispatches, and 85 fire related incidents and other types of emergencies. https://t.co/WUBrp1Jx2o",,True
2021-02-28T20:13:16.000Z,1366119295953096715,20069434,"#DCsBravest responded to 474 calls on Saturday, February 27th. There were 132 critical and 240 non-critical EMS dispatches, and 102 fire related incidents and other types of emergencies. https://t.co/hYUSQT0b4N",,True
2021-02-27T19:33:21.000Z,1365746866495893510,20069434,"#DCsBravest responded to 447 calls on Friday, February 26th. There were 130 critical and 234 non-critical EMS dispatches, and 83 fire related incidents and other types of emergencies. https://t.co/YzfkJDCwQ6",,True
2021-02-26T19:46:55.000Z,1365387891136991235,20069434,"#DCsBravest responded to 477 calls on Thursday, February 25th. There were 132 critical and 242 non-critical EMS dispatches, and 103 fire related incidents and other types of emergencies, including 1 working structure fire. https://t.co/BxzlXHczhU",,True
2021-02-25T16:09:22.000Z,1364970753679110146,20069434,"#DCsBravest responded to 487 calls on Wednesday, February 24th. There were 136 critical and 256 non-critical EMS dispatches, and 95 fire related incidents and other types of emergencies, including one 2 Alarm structure fire. https://t.co/0ctbpJ7EJH",,True
2021-02-24T18:49:53.000Z,1364648760492572674,20069434,"#DCsBravest responded to 489 calls on Tuesday, February 23rd. There were 167 critical and 228 non-critical EMS dispatches, and 94 fire related incidents and other types of emergencies, including 1 working structure fire and 1 Two Alarm structure fire. https://t.co/bI1tVa81V4",,True
2021-02-23T18:50:43.000Z,1364286583948607495,20069434,"DCsBravest responded to 463 calls on Monday, February 22nd. There were 133 critical and 232 non-critical EMS dispatches, and 98 fire related incidents and other types of emergencies, including 1 working structure fire. https://t.co/PPARwI2CsB",,True
2021-02-22T14:16:29.000Z,1363855185043476482,20069434,"#DCsBravest responded to 408 calls on Sunday, February 21st. There were 112 critical and 209 non-critical EMS dispatches, and 87 fire related incidents and other types of emergencies. https://t.co/RkVA40zBSO",,True
2021-02-22T04:17:09.000Z,1363704355396997120,20069434,"#DCsBravest responded to 450 calls on Saturday, February 20th. There were 121 critical and 249 non-critical EMS dispatches, and 80 fire related incidents and other types of emergencies, including 2 working structure fires. https://t.co/fTUCXCONhl",,True
2021-02-20T17:50:05.000Z,1363184160211402754,20069434,"#DCsBravest responded to 455 calls on Friday, February 19th. There were 130 critical and 222 non-critical EMS dispatches, and 103 fire related incidents and other types of emergencies. https://t.co/7dKEKihVqx",,True
2021-02-19T16:44:03.000Z,1362805154869821443,20069434,"#DCsBravest responded to 436 calls on Thursday, February 18th. There were 133 critical and 220 non-critical EMS dispatches, and 83 fire related incidents and other types of emergencies. https://t.co/dYWImB9XZs",,True
2021-02-18T18:06:52.000Z,1362463610451165185,20069434,"#DCsBravest responded to 454 calls on Wednesday, February 17th. There were 128 critical and 234 non-critical EMS dispatches, and 92 fire related incidents and other types of emergencies. https://t.co/EenyMlBYmI",,True
2021-02-17T17:53:48.000Z,1362097933869584396,20069434,"#DCsBravest responded to 487 calls on Tuesday, February 16th. There were 131 critical and 256 non-critical EMS dispatches, and 100 fire related incidents and other types of emergencies. https://t.co/Dx8C5wyigX",,True
2021-02-16T20:00:25.000Z,1361767408353042435,20069434,"#DCsBravest responded to 489 calls on Monday, February 15th. There were 156 critical and 239 non-critical EMS dispatches, and 94 fire related incidents and other types of emergencies. https://t.co/pQfecXWvuk",,True
2021-02-15T14:16:49.000Z,1361318551018237962,20069434,"#DCsBravest responded to 473 calls on Sunday, February 14th, Valentines Day. There were 145 critical and 230 non-critical EMS dispatches, and 98 fire related incidents and other types of emergencies. https://t.co/Qk2vhMJhG1",,True
2021-02-14T20:28:06.000Z,1361049602418499585,20069434,"#DCsBravest responded to 428 calls on Saturday, February 13th. There were 128 critical and 226 non-critical EMS dispatches, and 74 fire related incidents and other types of emergencies. https://t.co/QmtmdXut04",,True
2021-02-13T17:04:31.000Z,1360635979472769032,20069434,"#DCsBravest responded to 462 calls on Friday, February 12th. There were 132 critical and 239 non-critical EMS dispatches, and 91 fire related incidents and other types of emergencies. https://t.co/779gkXPSNa",,True
2021-02-12T18:58:40.000Z,1360302316620926979,20069434,"#DCsBravest responded to 391 calls on Thursday, February 11th. There were 123 critical and 187 non-critical EMS dispatches, and 81 fire related incidents and other types of emergencies. https://t.co/fdG1hh2vhU",,True
2021-02-11T20:20:14.000Z,1359960456643895296,20069434,"#DCsBravest responded to 460 calls on Wednesday, February 10th. There were 129 critical and 235 non-critical EMS dispatches, and 96 fire related incidents and other types of emergencies, including 1 working structure fire. https://t.co/5z1maramBi",,True
2021-02-10T18:41:31.000Z,1359573225475301377,20069434,"#DCsBravest responded to 492 calls on Tuesday, February 9th. There were 157 critical and 253 non-critical EMS dispatches, and 82 fire related incidents and other types of emergencies. https://t.co/GLpnlqI9Lo",,True
2021-02-09T13:08:10.000Z,1359126946282696712,20069434,"#DCsBravest responded to 500 calls on Monday, February 8th. There were 146 critical and 256 non-critical EMS dispatches, and 98 fire related incidents and other types of emergencies, including 1 working structure fire. https://t.co/0lyrgrwgpq",,True
2021-02-08T14:12:27.000Z,1358780739102404611,20069434,"#DCsBravest responded to 423 calls on Sunday, February 7th. There were 137 critical and 207 non-critical EMS dispatches, and 79 fire related incidents and other types of emergencies. https://t.co/Xn36SBD9k5",,True
2021-02-07T16:58:34.000Z,1358460155181039616,20069434,"#DCsBravest responded to 392 calls on Saturday,February 6th. There were 139 critical and 268 non-critical EMS dispatches, and 85 fire related incidents and other types of emergencies. https://t.co/DUx8TQod53",,True
2021-02-07T00:24:14.000Z,1358209923105095682,20069434,"#DCsBravest responded to 532 calls on Friday, February 5th. There were 146 critical and 274 non-critical EMS dispatches and 112 fire related incidents and other types of emergencies. https://t.co/r2ppRJ1A21",,True
2021-02-05T13:46:55.000Z,1357687147575341056,20069434,"#DCsBravest responded to 551 calls on Thursday, February 4th. There were 171 critical and 275 non-critical EMS dispatches, and 105 fire related incidents and other types of emergencies, including 1 working structure fire. https://t.co/si7EQAiZwS",,True
2021-02-04T16:18:26.000Z,1357362891058511877,20069434,"#DCsBravest responded to 533 calls on Wednesday, February 3rd. There were 175 critical and 269 non-critical EMS dispatches, and 89 fire related incidents and other types of emergencies. https://t.co/8vTmi0lwE1",,True
2021-02-03T19:11:54.000Z,1357044158557540352,20069434,"#DCsBravest responded to 493 calls on Tuesday, February 2nd. There were 136 critical and 273 non-critical EMS dispatches, and 84 fire related incidents and other types of emergencies. https://t.co/1SAGeeHIve",,True
